2026-05-30_16-16-53,0,main.go:2026-05-30_16-16-53;stack.go:2026-05-30_16-16-53
2026-05-30_16-38-14,0,main.go:2026-05-30_16-38-14;stack.go:2026-05-30_16-16-53
2026-05-30_16-39-18,0,main.go:2026-05-30_16-39-18;stack.go:2026-05-30_16-16-53
2026-05-30_16-47-20,0,main.go:2026-05-30_16-47-20;stack.go:2026-05-30_16-16-53
2026-05-30_16-53-05,0,main.go:2026-05-30_16-53-05;stack.go:2026-05-30_16-16-53
2026-05-30_16-54-01,0,main.go:2026-05-30_16-54-01;stack.go:2026-05-30_16-16-53
2026-05-30_17-43-18,0,main.go:2026-05-30_17-43-18;stack.go:2026-05-30_16-16-53
2026-05-30_17-43-45,0,main.go:2026-05-30_17-43-45;stack.go:2026-05-30_16-16-53
2026-05-30_17-48-04,100,main.go:2026-05-30_17-48-04;stack.go:2026-05-30_16-16-53
2026-05-30_17-48-17,100,main.go:2026-05-30_17-48-04;stack.go:2026-05-30_16-16-53
2026-05-30_17-48-30,100,stack.go:2026-05-30_16-16-53;main.go:2026-05-30_17-48-04
2026-05-30_17-48-31,100,main.go:2026-05-30_17-48-04;stack.go:2026-05-30_16-16-53
