2026-03-12_17-06-31,---,draft.go:2026-03-12_17-06-31
2026-03-12_17-07-59,---,draft.go:2026-03-12_17-06-31
2026-03-12_17-32-17,---,draft.go:2026-03-12_17-32-17
2026-03-12_17-32-47,---,draft.go:2026-03-12_17-32-17
2026-03-12_21-45-41,---,draft.go:2026-03-12_17-32-17
2026-03-12_21-46-34,---,draft.go:2026-03-12_17-32-17
2026-03-12_21-47-03,---,draft.go:2026-03-12_17-32-17
2026-03-12_21-49-40,---,draft.go:2026-03-12_17-32-17
2026-03-12_21-50-23,---,draft.go:2026-03-12_21-50-23
2026-03-12_21-50-43,0,draft.go:2026-03-12_21-50-23
2026-03-12_21-50-46,0,draft.go:2026-03-12_21-50-23
2026-03-12_21-50-47,0,draft.go:2026-03-12_21-50-23
2026-03-12_21-50-47,0,draft.go:2026-03-12_21-50-23
2026-03-12_21-50-47,0,draft.go:2026-03-12_21-50-23
2026-03-12_21-50-48,0,draft.go:2026-03-12_21-50-23
2026-03-12_22-08-53,---,draft.go:2026-03-12_22-08-53
2026-03-13_17-08-34,0,draft.go:2026-03-13_17-08-34
2026-03-13_17-08-59,0,draft.go:2026-03-13_17-08-59
2026-03-13_17-09-07,0,draft.go:2026-03-13_17-08-59
2026-03-13_17-09-42,0,draft.go:2026-03-13_17-09-42
2026-03-13_17-10-02,0,draft.go:2026-03-13_17-10-02
2026-03-13_17-10-09,---,draft.go:2026-03-13_17-10-02
2026-03-13_17-13-17,---,draft.go:2026-03-13_17-10-02
2026-03-13_17-14-03,0,draft.go:2026-03-13_17-10-02
2026-03-13_17-14-31,0,draft.go:2026-03-13_17-10-02
2026-03-13_17-14-33,0,draft.go:2026-03-13_17-10-02
2026-03-13_17-14-33,0,draft.go:2026-03-13_17-10-02
2026-03-13_17-14-52,0,draft.go:2026-03-13_17-10-02
2026-03-13_17-14-55,0,draft.go:2026-03-13_17-10-02
2026-03-13_17-16-15,0,draft.go:2026-03-13_17-10-02
2026-03-13_17-16-53,0,draft.go:2026-03-13_17-16-53
2026-03-13_17-17-37,0,draft.go:2026-03-13_17-17-37
2026-03-13_17-18-17,0,draft.go:2026-03-13_17-17-37
2026-03-13_17-21-26,0,draft.go:2026-03-13_17-21-26
2026-03-13_17-21-42,0,draft.go:2026-03-13_17-21-42
2026-03-13_17-21-56,0,draft.go:2026-03-13_17-21-56
2026-03-13_17-24-16,0,draft.go:2026-03-13_17-21-56
2026-03-13_17-24-28,0,draft.go:2026-03-13_17-24-28
2026-03-13_17-24-45,0,draft.go:2026-03-13_17-24-28
2026-03-13_17-24-45,0,draft.go:2026-03-13_17-24-28
2026-03-13_17-24-46,0,draft.go:2026-03-13_17-24-28
2026-03-13_17-26-57,100,draft.go:2026-03-13_17-26-57
2026-03-13_17-27-19,100,draft.go:2026-03-13_17-26-57
